brand,model,part,price,name
Ferrari, LaFerrari, Exhaust, 8800, Tubi Style Straight Pipes (Titanium)
Ferrari, LaFerrari, Exhaust, 7200, Tubi Style Straight Pipes (Inconel)
Ferrari, 488 GTB, Exhaust, 5400, Capristo Exhaust System
Ferrari, 488 GTB, Exhaust, 6200, Novitec Race Exhaust System
Ferrari, GTC4Lusso, Exhaust, 7300, Akrapovič Slip-On Line Exhaust
Ferrari, Portofino, Exhaust, 4800, Armytrix Valvetronic Exhaust System
Ferrari, Portofino, Exhaust, 5500, IPE Innotech Performance Exhaust
Ferrari, SF90 Stradale, Exhaust, 9000, Kline Innovation Inconel Exhaust
Ferrari, Roma, Exhaust, 5100, Fi Exhaust Valvetronic System
Ferrari, 296 GTB, Exhaust, 7600, Novitec N-Largo Exhaust
Ferrari, 812 Competizione, Exhaust, 8900, Fabspeed Supersport X-Pipe
Ferrari, Daytona SP3, Exhaust, 11000, Capristo Performance Exhaust System
Ferrari, Purosangue, Exhaust, 9500, Akrapovič Evolution Line Exhaust
Ferrari, LaFerrari, Suspension, 12000, KW Hydraulic Coilover Suspension
Ferrari, 488 GTB, Suspension, 7500, Novitec Sport Suspension
Ferrari, GTC4Lusso, Suspension, 2400, H&R Lowering Springs
Ferrari, Portofino, Suspension, 4200, KW Variant 3 Coilover Kit
Ferrari, SF90 Stradale, Suspension, 8300, Novitec Sport Suspension
Ferrari, Roma, Suspension, 2200, H&R Sport Springs
Ferrari, 296 GTB, Suspension, 6500, KW V3 Coilover Kit
Ferrari, 812 Competizione, Suspension, 9500, Novitec Hydraulic Suspension Kit
Ferrari, Daytona SP3, Suspension, 13500, Capristo Suspension Kit
Ferrari, Purosangue, Suspension, 11000, Kline Innovation Adjustable Suspension
Ferrari, LaFerrari, Air Intake, 6500, Novitec Carbon Air Intake
Ferrari, 488 GTB, Air Intake, 4000, BMC High-Performance Air Filter
Ferrari, GTC4Lusso, Air Intake, 5200, Novitec Carbon Fiber Airbox
Ferrari, Portofino, Air Intake, 3500, K&N High-Flow Air Intake System
Ferrari, SF90 Stradale, Air Intake, 7800, Novitec Performance Air Intake
Ferrari, Roma, Air Intake, 3100, BMC Performance Air Filter
Ferrari, 296 GTB, Air Intake, 5900, Eventuri Carbon Fiber Air Intake
Ferrari, 812 Competizione, Air Intake, 7300, Novitec Carbon Air Intake System
Ferrari, Daytona SP3, Air Intake, 8400, Capristo Carbon Fiber Airbox
Ferrari, Purosangue, Air Intake, 6800, Kline Innovation Performance Air Intake
Lamborghini, Aventador, Exhaust, 9200, Capristo Race Exhaust System
Lamborghini, Aventador, Exhaust, 10800, Akrapovič Evolution Line (Titanium)
Lamborghini, Huracan, Exhaust, 8400, Fabspeed Valvetronic Exhaust System
Lamborghini, Huracan, Exhaust, 9200, Armytrix Valvetronic Exhaust
Lamborghini, Urus, Exhaust, 7800, Novitec Race Exhaust System
Lamborghini, Urus, Exhaust, 8500, Capristo Performance Exhaust
Lamborghini, Veneno, Exhaust, 12000, Akrapovič Slip-On Line Exhaust (Titanium)
Lamborghini, Centenario, Exhaust, 11500, Capristo Performance Exhaust
Lamborghini, Sián, Exhaust, 9500, Novitec Sport Exhaust
Lamborghini, Reventón, Exhaust, 11000, Kline Innovation Inconel Exhaust
Lamborghini, Aventador, Suspension, 10500, KW Variant 4 Coilover Kit
Lamborghini, Huracan, Suspension, 8500, Novitec Adjustable Suspension
Lamborghini, Urus, Suspension, 7400, H&R Lowering Springs
Lamborghini, Veneno, Suspension, 13500, KW Hydraulic Coilover System
Lamborghini, Centenario, Suspension, 12200, Novitec Sport Suspension Kit
Lamborghini, Sián, Suspension, 9800, Capristo Suspension System
Lamborghini, Reventón, Suspension, 12800, KW Variant 3 Suspension Kit
Lamborghini, Aventador, Air Intake, 5800, BMC Performance Air Intake System
Lamborghini, Huracan, Air Intake, 5200, Eventuri Carbon Fiber Air Intake
Lamborghini, Urus, Air Intake, 4700, Novitec Carbon Air Intake
Lamborghini, Veneno, Air Intake, 9500, Capristo Carbon Fiber Air Intake
Lamborghini, Centenario, Air Intake, 8900, Novitec High-Performance Air Intake
Lamborghini, Sián, Air Intake, 8800, Eventuri Carbon Airbox System
Lamborghini, Reventón, Air Intake, 9800, Capristo Performance Air Intake System
Porsche, 911 GT3, Exhaust, 8500, Akrapovič Slip-On Race Line (Titanium)
Porsche, 911 Turbo S, Exhaust, 9500, Fabspeed Valvetronic Exhaust System
Porsche, Cayman GT4, Exhaust, 8200, Armytrix Valvetronic Exhaust
Porsche, Cayenne, Exhaust, 7600, Capristo Sports Exhaust System
Porsche, Panamera Turbo , Exhaust, 8400, Akrapovič Evolution Line Exhaust (Titanium)
Porsche, Taycan Turbo S, Exhaust, 9800, Kline Innovation Valvetronic Exhaust
Porsche, Macan GTS, Exhaust, 7200, Armytrix Valvetronic Exhaust
Porsche, 718 Boxster S, Exhaust, 7500, Fabspeed Valvetronic Exhaust
Porsche, 918 Spyder, Exhaust, 12000, Capristo Performance Exhaust (Titanium)
Porsche, 911 Carrera S, Exhaust, 8800, Novitec Sports Exhaust System
Porsche, 911 GT3, Suspension, 7800, KW Clubsport Coilover Kit
Porsche, 911 Turbo S, Suspension, 8500, Novitec Sport Suspension
Porsche, Cayman GT4, Suspension, 7200, H&R Performance Springs
Porsche, Cayenne, Suspension, 5400, KW V3 Coilover System
Porsche, Panamera Turbo, Suspension, 6700, H&R Lowering Springs
Porsche, Taycan Turbo S, Suspension,9100, KW Variant 4 Coilover Kit
Porsche, Macan GTS, Suspension, 6200, Bilstein B16 Suspension Kit
Porsche, 718 Boxster S, Suspension, 6500, KW Coilover Suspension System
Porsche, 918 Spyder, Suspension, 11200, Capristo Suspension Kit
Porsche, 911 Carrera S, Suspension, 7800, Novitec Performance Suspension
Porsche, 911 GT3, Air Intake, 5200, Eventuri Carbon Fiber Air Intake System
Porsche, 911 Turbo S, Air Intake, 5800, BMC Performance Air Filter
Porsche, Cayman GT4, Air Intake, 4900, K&N High-Flow Air Intake System
Porsche, Cayenne, Air Intake, 4600, Novitec Carbon Air Intake System
Porsche, Panamera Turbo, Air Intake, 5400, Eventuri High-Performance Air Intake
Porsche, Taycan Turbo S, Air Intake, 6100, Kline Innovation Carbon Fiber Air Intake
Porsche, Macan GTS, Air Intake, 4300, BMC High-Performance Air Filter
Porsche, 718 Boxster S, Air Intake, 4700, K&N Performance Air Intake System
Porsche, 918 Spyder, Air Intake, 9200, Capristo Carbon Fiber Airbox
Porsche, 911 Carrera S, Air Intake, 5100, Novitec Carbon Fiber Air Intake
Nissan, GT-R R35, Exhaust, 9800, Akrapovič Evolution Line Exhaust (Titanium)
Nissan, 370Z, Exhaust, 6200, Invidia Gemini Cat-Back Exhaust
Nissan, 350Z, Exhaust, 5800, HKS Hi-Power Dual Exhaust System
Nissan, GT-R Nismo, Exhaust, 11000, Armytrix Valvetronic Exhaust
Nissan, Sentra NISMO, Exhaust,3600,Borla Cat-Back Exhaust
Nissan, Altima SR, Exhaust, 4000, MagnaFlow Street Series Exhaust
Nissan, Maxima, Exhaust, 4500, Stillen Cat-Back Exhaust
Nissan, 370Z Nismo, Exhaust, 6800, Ark GRiP Cat-Back Exhaust
Nissan, Versa, Exhaust, 3500, MagnaFlow Touring Series Exhaust
Nissan, Juke Nismo, Exhaust, 3900, Gibson Performance Exhaust
Nissan, GT-R R35, Suspension, 7800, KW Variant 3 Coilover Kit
Nissan, 370Z, Suspension, 4200, Tein Flex Z Coilover Suspension
Nissan, 350Z, Suspension, 3900, HKS Hipermax IV GT Coilover Kit
Nissan, GT-R Nismo, Suspension, 9200, KW Clubsport Coilover Kit
Nissan, Sentra NISMO, Suspension, 2800, Eibach Pro-Plus Performance Suspension Kit
Nissan, Altima SR, Suspension, 2500, H&R Sport Springs
Nissan, Maxima, Suspension, 3400, BC Racing BR Series Coilover Kit
Nissan, 370Z Nismo, Suspension, 4600, KW Variant 3 Coilover System
Nissan, Versa, Suspension, 2200, Ksport Kontrol Pro Coilover System
Nissan, Juke Nismo, Suspension, 3200, Tein Street Basis Z Coilover Kit
Nissan, GT-R R35, Air Intake, 4800, HKS Racing Suction Air Intake
Nissan, 370Z, Air Intake, 3200, Stillen Gen 3 Cold Air Intake
Nissan, 350Z, Air Intake, 2900, Injen SP Series Cold Air Intake
Nissan, GT-R Nismo, Air Intake,5400, AMS Performance Carbon Fiber Cold Air Intake
Nissan, Sentra NISMO, Air Intake, 2200, K&N 69 Series Typhoon Air Intake
Nissan, Altima SR, Air Intake, 1800, Injen Short Ram Air Intake
Nissan, Maxima, Air Intake, 2600, Stillen Hi-Flow Air Intake
Nissan, 370Z Nismo, Air Intake, 3400, Invidia Cold Air Intake System
Nissan, Versa, Air Intake, 1500, AEM Cold Air Intake System
Nissan, Juke Nismo, Air Intake, 2800, HKS Racing Air Intake Kit
Pagani, Huayra, Exhaust, 20000, Akrapovič Titanium Exhaust System
Pagani, Huayra BC, Exhaust, 22000, Akrapovič Lightweight Titanium Exhaust
Pagani, Zonda F, Exhaust, 18000, Capristo Twin Sound Exhaust
Pagani, Zonda Cinque, Exhaust, 25000, Pagani OEM Titanium Exhaust
Pagani, Huayra Roadster, Exhaust, 21000, Inconel-Titanium Pagani Exhaust
Pagani, Zonda Revolucion, Exhaust, 30000, Inconel Exhaust System by Pagani
Pagani, Huayra R, Exhaust, 28000, Titanium Racing Exhaust (OEM Pagani)
Pagani, Zonda HP Barchetta, Exhaust, 32000, Lightweight Racing Exhaust System (Titanium)
Pagani, Huayra Imola, Exhaust, 26000, Custom Racing Exhaust by Akrapovič
Pagani, Huayra, Suspension, 18000, Ohlins Road & Track Coilover Suspension
Pagani, Huayra BC, Suspension, 20000, KW Racing Suspension Kit
Pagani, Zonda F, Suspension, 16000, KW Clubsport Coilover System
Pagani, Zonda Cinque, Suspension, 22000, Ohlins Performance Suspension
Pagani, Huayra Roadster, Suspension, 19000, KW Variant 4 Coilover Kit
Pagani, Zonda Revolucion, Suspension, 25000, Ohlins TTX Racing Suspension
Pagani, Huayra R, Suspension, 24000, Pagani Racing Suspension (Ohlins)
Pagani, Zonda HP Barchetta, Suspension, 28000, Custom Lightweight Racing Suspension
Pagani, Huayra Imola, Suspension, 23000, Ohlins Advanced Racing Suspension Kit
Pagani, Huayra, Air Intake, 15000, Pagani Carbon Fiber Air Intake System
Pagani, Huayra BC, Air Intake, 16000, Novitec Carbon Performance Air Intake
Pagani, Zonda F, Air Intake, 14000, Capristo Carbon Fiber Air Intake
Pagani, Zonda Cinque, Air Intake, 17000, Pagani OEM Cold Air Intake System
Pagani, Huayra Roadster, Air Intake, 15500, Inconel-Carbon Pagani Air Intake
Pagani, Zonda Revolucion, Air Intake, 18000, Pagani Racing Air Intake System
Pagani, Huayra R, Air Intake, 17500, Pagani Performance Air Intake (Carbon Fiber)
Pagani, Zonda HP Barchetta, Air Intake, 19000, Custom Racing Air Intake (Carbon Fiber)
Pagani, Huayra Imola, Air Intake, 16500, Akrapovič High-Performance Air Intake
Toyota, Supra, Exhaust, 2500, APEXi N1-X Catback Exhaust
Toyota, Supra, Exhaust, 3000, HKS Hi-Power Exhaust System
Toyota, Corolla, Exhaust, 1200, Borla S-Type Exhaust System
Toyota, Corolla, Exhaust, 1300, Magnaflow Street Series Catback
Toyota, Camry, Exhaust, 1500, Flowmaster Outlaw Series
Toyota, Camry, Exhaust, 1600, Magnaflow Touring Series Exhaust
Toyota, Tacoma, Exhaust, 1700, TRD Performance Exhaust
Toyota, Tacoma, Exhaust, 1800, Borla Touring Catback Exhaust
Toyota, 4Runner, Exhaust, 1400, Magnaflow Overland Series Exhaust
Toyota, 4Runner, Exhaust, 1500, Flowmaster American Thunder Catback
Toyota, Tundra, Exhaust, 2000, TRD Pro Dual Exhaust
Toyota, Tundra, Exhaust, 2100, Borla ATAK Exhaust System
Toyota, RAV4, Exhaust, 1000, Magnaflow Street Series Exhaust
Toyota, RAV4, Exhaust, 1100, Flowmaster Delta Force Exhaust System
Toyota, Supra, Suspension, 3500, KW Variant 3 Coilover Kit
Toyota, Corolla, Suspension, 1200, Eibach Pro-Kit Lowering Springs
Toyota, Camry, Suspension, 1400, Tein Street Basis Z Coilover Kit
Toyota, Tacoma, Suspension, 2200, Bilstein B8 5100 Suspension Kit
Toyota, 4Runner, Suspension, 2300, Old Man Emu BP-51 Suspension Kit
Toyota, Tundra, Suspension, 2500, Fox 2.5 Factory Series Coilover Kit
Toyota, RAV4, Suspension, 1500, H&R Sport Springs
Toyota, Supra, Air Intake, 1200, HKS Racing Suction Air Intake
Toyota, Corolla, Air Intake, 800, K&N High-Flow Air Intake System
Toyota, Camry, Air Intake, 900, Injen SP Series Cold Air Intake
Toyota, Tacoma, Air Intake, 1000, TRD Performance Air Intake
Toyota, 4Runner, Air Intake, 1100, Airaid MXP Series Air Intake
Toyota, Tundra, Air Intake, 1300, S&B Cold Air Intake System
Toyota, RAV4, Air Intake, 700, K&N 77 Series Cold Air Intake
Mercedes-Benz, AMG GT, Exhaust, 4500, Akrapovic Slip-On Line Exhaust
Mercedes-Benz, AMG GT, Exhaust, 5000, Armytrix Valvetronic Exhaust
Mercedes-Benz, C63 AMG, Exhaust, 3000, Remus Racing Exhaust System
Mercedes-Benz, C63 AMG, Exhaust, 3500, iPE Valvetronic Exhaust System
Mercedes-Benz, E63 AMG, Exhaust, 4200, Akrapovic Evolution Line
Mercedes-Benz, E63 AMG, Exhaust, 3800, Capristo Valved Exhaust System
Mercedes-Benz, G-Class AMG, Exhaust, 4600, Brabus High-Performance Exhaust
Mercedes-Benz, G-Class AMG, Exhaust, 4700, AWE Tuning Touring Edition
Mercedes-Benz, CLA45 AMG, Exhaust, 2800, Milltek Sport Exhaust System
Mercedes-Benz, CLA45 AMG, Exhaust, 3200, Akrapovic Evolution Line Titanium
Mercedes-Benz, S63 AMG, Exhaust, 4900, Armytrix Valvetronic Exhaust
Mercedes-Benz, S63 AMG, Exhaust, 5000, Capristo Sport Exhaust System
Mercedes-Benz, A45 AMG, Exhaust, 2900, iPE Innotech Performance Exhaust
Mercedes-Benz, A45 AMG, Exhaust, 3400, Armytrix Valvetronic Exhaust
Mercedes-Benz, GLE63 AMG, Exhaust, 4000, Akrapovic Slip-On Line Exhaust
Mercedes-Benz, GLE63 AMG, Exhaust, 4500, Armytrix Race Exhaust System
Mercedes-Benz, C43 AMG, Exhaust, 2500, Remus Sport Exhaust
Mercedes-Benz, C43 AMG, Exhaust, 2800, Milltek Valved Cat-Back Exhaust
Mercedes-Benz, GLC63 AMG, Exhaust, 3800, Capristo Cat-Back Exhaust
Mercedes-Benz, GLC63 AMG, Exhaust, 4200, Akrapovic Evolution Line Exhaust
Mercedes-Benz, AMG GT, Suspension, 5500, KW Variant 3 Coilover Kit
Mercedes-Benz, C63 AMG, Suspension, 3500, Bilstein B16 PSS10 Suspension Kit
Mercedes-Benz, E63 AMG, Suspension, 4800, H&R Sport Performance Springs
Mercedes-Benz, G-Class AMG, Suspension, 6000, Brabus Ride Control Suspension Kit
Mercedes-Benz, CLA45 AMG, Suspension, 3200, KW DDC Coilover System
Mercedes-Benz, S63 AMG, Suspension, 5500, AirMatic Lowering Kit by Renntech
Mercedes-Benz, A45 AMG, Suspension, 3400, Eibach Pro-Street-S Coilover Kit
Mercedes-Benz, GLE63 AMG, Suspension, 5200, H&R Sport Lowering Springs
Mercedes-Benz, C43 AMG, Suspension, 3200, Eibach Pro-Kit Lowering Springs
Mercedes-Benz, GLC63 AMG, Suspension, 4500, KW Coilover Suspension Kit
Mercedes-Benz, AMG GT, Air Intake, 3200, Renntech Carbon Fiber Air Intake
Mercedes-Benz, C63 AMG, Air Intake, 2800, Weistec Performance Cold Air Intake
Mercedes-Benz, E63 AMG, Air Intake, 3500, Eventuri Carbon Fiber Air Intake
Mercedes-Benz, G-Class AMG, Air Intake, 4000, Brabus Carbon Fiber Air Intake
Mercedes-Benz, CLA45 AMG, Air Intake, 2400, K&N Performance Air Intake System
Mercedes-Benz, S63 AMG, Air Intake, 3700, Renntech High-Flow Air Intake
Mercedes-Benz, A45 AMG, Air Intake, 2300, BMC Carbon Fiber Performance Intake
Mercedes-Benz, GLE63 AMG, Air Intake, 3600, Weistec Engineering Cold Air Intake
Mercedes-Benz, C43 AMG, Air Intake, 2200, K&N Cold Air Intake System
Mercedes-Benz, GLC63 AMG, Air Intake, 3100, Eventuri Carbon Performance Intake
Volkswagen, Golf GTI, Exhaust, 1200, Borla Cat-Back Exhaust System
Volkswagen, Golf GTI, Exhaust, 1400, Milltek Sport Cat-Back Exhaust System
Volkswagen, Golf R, Exhaust, 1800, APR Cat-Back Exhaust System
Volkswagen, Golf R, Exhaust, 2000, Akrapovic Slip-On Line Titanium
Volkswagen, Passat, Exhaust, 1000, MagnaFlow Cat-Back Exhaust System
Volkswagen, Passat, Exhaust, 1200, Borla Touring Cat-Back Exhaust
Volkswagen, Jetta GLI, Exhaust, 1100, AWE Tuning Touring Edition Exhaust
Volkswagen, Jetta GLI, Exhaust, 1300, Remus Sport Exhaust System
Volkswagen, Tiguan, Exhaust, 1100, MagnaFlow Street Series Exhaust System
Volkswagen, Tiguan, Exhaust, 1500, Milltek Cat-Back Exhaust System
Volkswagen, Arteon, Exhaust, 1600, Borla Touring Exhaust System
Volkswagen, Arteon, Exhaust, 1800, AWE Tuning Cat-Back Exhaust
Volkswagen, Beetle, Exhaust, 800, MagnaFlow Performance Exhaust System
Volkswagen, Beetle, Exhaust, 1000, Borla S-Type Cat-Back Exhaust
Volkswagen, Touareg, Exhaust, 1700, APR Performance Exhaust System
Volkswagen, Touareg, Exhaust, 2000, Milltek Sport Cat-Back Exhaust
Volkswagen, Scirocco, Exhaust, 1200, Remus Performance Exhaust System
Volkswagen, Scirocco, Exhaust, 1500, Akrapovic Evolution Line
Volkswagen, Polo GTI, Exhaust, 1000, Milltek Sport Exhaust System
Volkswagen, Polo GTI, Exhaust, 1200, Scorpion Exhaust System
Volkswagen, Golf GTI, Suspension, 1500, Eibach Pro-Street Coilover Kit
Volkswagen, Golf R, Suspension, 1800, KW Variant 3 Coilover System
Volkswagen, Passat, Suspension, 1200, H&R Street Performance Coilover Kit
Volkswagen, Jetta GLI, Suspension, 1400, Bilstein B16 PSS Coilover System
Volkswagen, Tiguan, Suspension, 1300, H&R Lowering Springs
Volkswagen, Arteon, Suspension, 1600, Eibach Pro-Kit Performance Springs
Volkswagen, Beetle, Suspension, 900, KW V1 Coilover Suspension Kit
Volkswagen, Touareg, Suspension, 2200, KW V3 Coilover System
Volkswagen, Scirocco, Suspension, 1400, Bilstein B14 Coilover Kit
Volkswagen, Polo GTI, Suspension, 1100, H&R Sport Spring Kit
Volkswagen, Golf GTI, Air Intake, 600, APR Carbon Fiber Air Intake System
Volkswagen, Golf R, Air Intake, 700, Injen Cold Air Intake System
Volkswagen, Passat, Air Intake, 500, K&N High-Flow Air Intake System
Volkswagen, Jetta GLI, Air Intake, 550, Unitronic Cold Air Intake System
Volkswagen, Tiguan, Air Intake, 520, AEM Cold Air Intake System
Volkswagen, Arteon, Air Intake, 650, Eventuri Carbon Fiber Intake System
Volkswagen, Beetle, Air Intake, 400, Injen Short Ram Intake System
Volkswagen, Touareg, Air Intake, 750, APR High-Flow Air Intake
Volkswagen, Scirocco, Air Intake, 620, K&N Performance Air Intake
Volkswagen, Polo GTI, Air Intake, 500, Forge Motorsport Induction Kit
BMW, M3, Exhaust, 3500, Akrapovic Evolution Line (Titanium)
BMW, M3, Exhaust, 3200, Eisenmann Race Exhaust System
BMW, M4, Exhaust, 4000, Remus Cat-Back Exhaust System
BMW, M4, Exhaust, 3700, Armytrix Valvetronic Exhaust System
BMW, M5, Exhaust, 4500, Akrapovic Slip-On Line (Titanium)
BMW, M5, Exhaust, 4300, Dinan Free Flow Exhaust
BMW, 3 Series, Exhaust, 2500, AWE Tuning Touring Edition Exhaust
BMW, 3 Series, Exhaust, 2700, Borla S-Type Cat-Back Exhaust
BMW, 5 Series, Exhaust, 3000, MagnaFlow Performance Exhaust System
BMW, 5 Series, Exhaust, 3200, Milltek Sport Cat-Back Exhaust System
BMW, X5 M, Exhaust, 4500, Akrapovic Slip-On Line Exhaust (Carbon Fiber)
BMW, X5 M, Exhaust, 4200, Remus Racing Exhaust
BMW, X6 M, Exhaust, 4800, Eisenmann Performance Exhaust System
BMW, X6 M, Exhaust, 5000, Armytrix Valvetronic Exhaust
BMW, Z4, Exhaust, 2200, Borla Touring Cat-Back Exhaust
BMW, Z4, Exhaust, 2400, MagnaFlow Street Series Cat-Back Exhaust
BMW, 7 Series, Exhaust, 3500, Remus Sport Exhaust System
BMW, 7 Series, Exhaust, 3700, Supersprint Performance Exhaust
BMW, 2 Series, Exhaust, 1800, M Performance Exhaust System
BMW, 2 Series, Exhaust, 2000, Dinan Free Flow Exhaust
BMW, M3, Suspension, 3500, KW Variant 3 Coilover Kit
BMW, M4, Suspension, 4000, Bilstein B16 PSS10 Suspension Kit
BMW, M5, Suspension, 4500, KW Clubsport Coilover Kit
BMW, 3 Series, Suspension, 2500, H&R Sport Springs Kit
BMW, 5 Series, Suspension, 3000, KW Street Comfort Coilover Kit
BMW, X5 M, Suspension, 4200, Eibach Pro-Street S Coilover System
BMW, X6 M, Suspension, 4800, KW Variant 4 Coilover System
BMW, Z4, Suspension, 2200, Bilstein B14 Coilover Kit
BMW, 7 Series, Suspension, 3500, Air Suspension Lowering Kit by AC Schnitzer
BMW, 2 Series, Suspension, 2000, KW DDC Coilover System
BMW, M3, Air Intake, 1500, Dinan High-Flow Carbon Fiber Air Intake
BMW, M4, Air Intake, 1600, Eventuri Carbon Fiber Intake System
BMW, M5, Air Intake, 1800, AFE Momentum Cold Air Intake
BMW, 3 Series, Air Intake, 1200, K&N Performance Cold Air Intake System
BMW, 5 Series, Air Intake, 1400, Dinan Carbon Fiber Cold Air Intake
BMW, X5 M, Air Intake, 1700, Eventuri High-Flow Carbon Fiber Intake
BMW, X6 M, Air Intake, 1800, AFE Power Magnum Force Cold Air Intake
BMW, Z4, Air Intake, 1100, AEM Cold Air Intake System
BMW, 7 Series, Air Intake, 1600, GruppeM Carbon Fiber Intake
BMW, 2 Series, Air Intake, 1300, AFE Momentum GT Pro 5R Air Intake
Tesla, Model S, Exhaust, 1000, Milltek Active Sound Control
Tesla, Model S, Exhaust, 1200, Thor Electronic Exhaust Sound System
Tesla, Model 3, Exhaust, 950, Active Sound Exhaust System (Milltek)
Tesla, Model 3, Exhaust, 1100, Thor Active Sound System
Tesla, Model X, Exhaust, 1500, Milltek Sport Active Sound Generator
Tesla, Model X, Exhaust, 1350, Thor Electronic Exhaust System
Tesla, Model Y, Exhaust, 950, Active Sound System by Milltek
Tesla, Model Y, Suspension, 1200, Thor Exhaust Sound Simulator
Tesla, Model S, Suspension, 2500, Unplugged Performance Coilover Kit
Tesla, Model 3, Suspension, 2200, Mountain Pass Performance Sport Coilovers
Tesla, Model X, Suspension, 3000, KW V3 Coilover Kit
Tesla, Model Y, Suspension, 2000, Eibach Pro-Kit Performance Springs
Audi, RS7, Exhaust, 7200, Akrapovič Titanium Evolution Line
Audi, RS7, Exhaust, 4000, Milltek Sport Cat-Back Exhaust System
Audi, RS6 Avant, Exhaust, 6800, Armytrix Valvetronic Catback Exhaust
Audi, RS6 Avant, Exhaust, 3500, AWE Track Edition Exhaust
Audi, S4, Exhaust, 2700, Borla Cat-Back Exhaust System
Audi, S4, Exhaust, 2500, Milltek Resonated Exhaust System
Audi, R8, Exhaust, 8200, Akrapovič Slip-On Line Exhaust
Audi, R8, Exhaust, 7500, Armytrix Valvetronic Exhaust System
Audi, A6, Exhaust, 1800, MagnaFlow Cat-Back Exhaust
Audi, A6, Exhaust, 1600, Milltek Sport Exhaust System
Audi, RS3, Exhaust, 3500, Armytrix Cat-Back Exhaust
Audi, RS3, Exhaust, 2800, AWE Tuning Track Edition Exhaust
Audi, S5, Exhaust, 2900, Milltek Resonated Exhaust
Audi, S5, Exhaust, 3200, Borla Atak Cat-Back Exhaust
Audi, A7, Exhaust, 2600, Remus Cat-Back Exhaust
Audi, A7, Exhaust, 2500, Milltek Sport Exhaust
Audi, TT RS, Exhaust, 6800, Akrapovič Slip-On Exhaust System
Audi, TT RS, Exhaust, 4500, Armytrix Valvetronic Exhaust System
Audi, SQ5, Exhaust, 2000, AWE Track Edition Exhaust System
Audi, SQ5, Exhaust, 2200, Milltek Cat-Back Exhaust System
Audi, RS7, Suspension,4500, KW Variant 3 Coilover System
Audi, RS6 Avant, Suspension,4000, Bilstein B16 PSS10 Coilover Kit
Audi, S4, Suspension, 2500, H&R Street Performance Coilover Kit
Audi, R8, Suspension, 5000, KW Clubsport Coilover Kit
Audi, A6, Suspension, 2000, Eibach Pro-Street-S Coilover Kit
Audi, RS3, Suspension, 3200, KW DDC Coilover System
Audi, S5, Suspension, 2900, Bilstein B14 Coilover Kit
Audi, A7, Suspension, 2400, Eibach Pro-Kit Lowering Springs
Audi, TT RS, Suspension, 3800, Ohlins Road & Track Coilover Kit
Audi, SQ5, Suspension, 2600, KW Variant 2 Coilover Kit
Audi, RS7, Air Intake, 2200, Eventuri Carbon Fiber Intake System
Audi, RS6 Avant, Air Intake, 2000, APR Carbon Fiber Cold Air Intake
Audi, S4, Air Intake, 1500, AFE Power Magnum FORCE Stage-2 Intake System
Audi, R8, Air Intake, 3000, Eventuri High-Flow Carbon Fiber Intake
Audi, A6, Air Intake, 1200, K&N Cold Air Intake System
Audi, RS3, Air Intake, 1800, APR Carbon Fiber Cold Air Intake
Audi, S5, Air Intake, 1600, AFE Power Track Series Carbon Fiber Intake
Audi, A7, Air Intake, 1400, Injen Evolution Cold Air Intake
Audi, TT RS, Air Intake, 2100, Eventuri Carbon Fiber Intake
Audi, SQ5, Air Intake, 1300, Unitronic Cold Air Intake System
Ford, Mustang GT, Exhaust, 3500, Borla Atak Cat-Back Exhaust System
Ford, Mustang GT, Exhaust, 2400, MagnaFlow Competition Series Cat-Back Exhaust
Ford, Mustang EcoBoost, Exhaust, 2000, MBRP XP Series Cat-Back Exhaust
Ford, Mustang EcoBoost, Exhaust, 1800, AWE Touring Edition Cat-Back Exhaust
Ford, F-150 Raptor, Exhaust, 3000, Borla ATAK Dual Exhaust System
Ford, F-150 Raptor, Exhaust, 2400, MagnaFlow Street Series Cat-Back Exhaust
Ford, Focus ST, Exhaust, 1400, Milltek Sport Cat-Back Exhaust
Ford, Focus ST, Exhaust, 1300, Borla Touring Cat-Back Exhaust System
Ford, Fiesta ST, Exhaust, 1200, MBRP Pro Series Exhaust System
Ford, Fiesta ST, Exhaust, 1100, Borla Touring Cat-Back Exhaust System
Ford, Explorer ST, Exhaust, 2800, MagnaFlow Street Series Performance Exhaust
Ford, Explorer ST, Exhaust, 2500, Borla Touring Cat-Back Exhaust System
Ford, Bronco, Exhaust, 2300, AWE 0FG Exhaust System
Ford, Bronco, Exhaust, 2000, MagnaFlow Overland Series Cat-Back Exhaust
Ford, Ranger, Exhaust, 1800, Flowmaster American Thunder Exhaust System
Ford, Ranger, Exhaust, 1700, Borla Touring Cat-Back Exhaust System
Ford, Shelby GT500, Exhaust, 4500, Akrapovič Slip-On Line Exhaust
Ford, Shelby GT500, Exhaust, 4000, Borla Atak Cat-Back Exhaust System
Ford, Edge ST, Exhaust, 2200, MagnaFlow Competition Series Exhaust
Ford, Edge ST, Exhaust, 2000, Borla Touring Cat-Back Exhaust System
Ford, Mustang GT, Suspension, 2500, KW Variant 3 Coilover Kit
Ford, Mustang EcoBoost, Suspension, 2200, Eibach Pro-Street-S Coilover System
Ford, F-150 Raptor, Suspension, 3500, Fox 3.0 Factory Race Series Coilover Kit
Ford, Focus ST, Suspension, 1500, H&R Street Performance Coilovers
Ford, Fiesta ST, Suspension, 1300, Bilstein B14 Coilover Kit
Ford, Explorer ST, Suspension, 2800, H&R Sport Lowering Springs
Ford, Bronco, Suspension, 3200, Fox 2.5 Performance Coilover Kit
Ford, Ranger, Suspension, 1800, Old Man Emu BP-51 Suspension System
Ford, Shelby GT500, Suspension, 4000, MagnaRide Suspension Kit
Ford, Edge ST, Suspension, 2000, Eibach Pro-Kit Performance Springs
Ford, Mustang GT, Air Intake, 1200, Roush Performance Cold Air Intake
Ford, Mustang EcoBoost, Air Intake, 900, Injen Evolution Cold Air Intake System
Ford, F-150 Raptor, Air Intake, 1500, K&N High-Flow Performance Intake System
Ford, Focus ST, Air Intake, 800, Mountune High-Flow Air Intake
Ford, Fiesta ST, Air Intake, 700, AEM Cold Air Intake System
Ford, Explorer ST, Air Intake, 1000, K&N 63 Series AirCharger Performance Intake
Ford, Bronco, Air Intake, 1200,Roush Cold Air Intake Kit
Ford, Ranger, Air Intake, 900, AFE Power Magnum Force Cold Air Intake
Ford, Shelby GT500, Air Intake, 1600, JLT Performance Cold Air Intake
Ford, Edge ST, Air Intake, 950, Steeda Cold Air Intake System
Honda, Civic Type R, Exhaust, 1800, HKS Hi-Power Exhaust System
Honda, Civic Type R, Exhaust, 2100, Greddy Supreme SP Exhaust
Honda, Civic Type R, Exhaust, 1900, Invidia R400 Gemini Cat-Back Exhaust
Honda, Civic Si, Exhaust, 1500, MagnaFlow Street Series Cat-Back Exhaust
Honda, Civic Si, Exhaust, 1300, Borla S-Type Cat-Back Exhaust
Honda, Civic Si, Exhaust, 1400, Greddy Supreme SP Exhaust System
Honda, Accord, Exhaust, 1200, Injen Cat-Back Exhaust
Honda, Accord, Exhaust, 1300, Borla Touring Cat-Back Exhaust System
Honda, Accord, Exhaust, 1400, MagnaFlow Street Series Cat-Back Exhaust
Honda, CR-V, Exhaust, 1100, MBRP Cat-Back Exhaust System
Honda, CR-V, Exhaust, 1200, Borla Touring Exhaust System
Honda, HR-V, Exhaust, 900, MagnaFlow Street Series Axle-Back Exhaust
Honda, HR-V, Exhaust, 850, HKS Legamax Exhaust
Honda, Civic Hatchback, Exhaust, 1400, MagnaFlow Street Series Exhaust
Honda, Civic Hatchback, Exhaust, 1350, Greddy Evo GT Exhaust System
Honda, S2000, Exhaust, 2200, HKS Hi-Power Dual Exhaust
Honda, S2000, Exhaust, 2300, Greddy Revolution RS Exhaust
Honda, Fit, Exhaust, 900, Invidia N1 Cat-Back Exhaust
Honda, Fit, Exhaust, 950, MagnaFlow Performance Exhaust
Honda, Ridgeline, Exhaust, 1600, Borla Touring Cat-Back Exhaust System
Honda, Ridgeline, Exhaust, 1700, MagnaFlow Street Series Performance Exhaust
Honda, Civic Type R, Suspension, 2500, KW Variant 3 Coilover Kit
Honda, Civic Si, Suspension, 1800, Eibach Pro-Street-S Coilover System
Honda, Accord, Suspension, 1600, Tein Street Advance Z Coilovers
Honda, CR-V, Suspension, 1400, H&R Street Performance Coilover Kit
Honda, HR-V, Suspension, 1300, Ksport Kontrol Pro Coilover System
Honda, Civic Hatchback, Suspension, 1500, Bilstein B14 Coilover Kit
Honda, S2000, Suspension, 2800, Ohlins Road & Track Coilover Kit
Honda, Fit, Suspension, 1000, Skunk2 Pro-C Coilover Kit
Honda, Ridgeline, Suspension, 2000, Icon Vehicle Dynamics Coilover Kit
Honda, Civic Type R, Air Intake, 600, PRL Motorsports High Volume Cold Air Intake
Honda, Civic Si, Air Intake, 500, Injen Short Ram Intake System
Honda, Accord, Air Intake, 550, K&N High-Flow Cold Air Intake System
Honda, CR-V, Air Intake, 400, AEM Cold Air Intake System
Honda, HR-V, Air Intake, 450, Injen Evolution Cold Air Intake
Honda, Civic Hatchback, Air Intake, 520, AFE Power Takeda Stage-2 Cold Air Intake
Honda, S2000, Air Intake, 650, GruppeM Carbon Fiber Ram Air Intake
Honda, Fit, Air Intake, 350, K&N 69 Series Typhoon Air Intake System
Honda, Ridgeline, Air Intake, 600, AFE Power Magnum Force Cold Air Intake
Chevrolet, Camaro SS, Exhaust, 1500, Borla ATAK Cat-Back Exhaust
Chevrolet, Camaro SS, Exhaust, 1600, MagnaFlow Competition Series Exhaust System
Chevrolet, Camaro ZL1, Exhaust, 1800, Corsa Performance Xtreme Cat-Back Exhaust
Chevrolet, Camaro ZL1, Exhaust, 2000, Flowmaster Outlaw Series Exhaust
Chevrolet, Corvette C7, Exhaust, 2200, Akrapovic Evolution Line Exhaust
Chevrolet, Corvette C7, Exhaust, 2400, Borla S-Type Cat-Back Exhaust
Chevrolet, Corvette C8, Exhaust, 2700, AWE Track Edition Exhaust
Chevrolet, Corvette C8, Exhaust, 3000, Borla ATAK Exhaust System
Chevrolet, Silverado 1500, Exhaust, 1200, MagnaFlow Street Series Exhaust
Chevrolet, Silverado 1500, Exhaust, 1400, Flowmaster American Thunder Cat-Back Exhaust
Chevrolet, Tahoe, Exhaust, 1300, Borla Touring Exhaust System
Chevrolet, Tahoe, Exhaust, 1400, Corsa Performance Sport Exhaust
Chevrolet, Malibu, Exhaust, 1000, MagnaFlow Street Series Cat-Back Exhaust
Chevrolet, Malibu, Exhaust, 1100, Flowmaster Outlaw Series Exhaust
Chevrolet, Suburban, Exhaust, 1300, Borla Touring Exhaust System
Chevrolet, Suburban, Exhaust, 1400, MagnaFlow Performance Exhaust System
Chevrolet, Blazer, Exhaust, 1100, Corsa Performance Cat-Back Exhaust
Chevrolet, Blazer, Exhaust, 1200, MagnaFlow Street Series Cat-Back Exhaust
Chevrolet, Cruze, Exhaust, 900, Borla Touring Cat-Back Exhaust
Chevrolet, Cruze, Exhaust, 950, MagnaFlow Performance Exhaust System
Chevrolet, Camaro SS, Suspension, 2200, KW Variant 3 Coilover Kit
Chevrolet, Camaro ZL1, Suspension, 2500, BC Racing BR Series Coilovers
Chevrolet, Corvette C7, Suspension, 2800, Bilstein B16 PSS10 Coilover Kit
Chevrolet, Corvette C8, Suspension, 3000, KW Clubsport Coilover Kit
Chevrolet, Silverado 1500, Suspension, 1800, Fox 2.0 Performance Coilover System
Chevrolet, Tahoe, Suspension, 1600, Eibach Pro-Truck Lift System
Chevrolet, Malibu, Suspension, 1400, H&R Sport Lowering Springs
Chevrolet, Suburban, Suspension, 1800, Rough Country 3.5-Inch Lift Kit
Chevrolet, Blazer, Suspension, 1500, Eibach Pro-Truck Lift System
Chevrolet, Cruze, Suspension, 1200, Eibach Pro-Kit Performance Springs
Chevrolet, Camaro SS, Air Intake, 500, Roto-Fab Cold Air Intake System
Chevrolet, Camaro ZL1, Air Intake, 600, K&N High-Flow Performance Intake Kit
Chevrolet, Corvette C7, Air Intake, 700, AFE Power Momentum GT Cold Air Intake
Chevrolet, Corvette C8, Air Intake, 800, HPS Performance Cold Air Intake
Chevrolet, Silverado 1500, Air Intake, 450, Injen Evolution Cold Air Intake System
Chevrolet, Tahoe, Air Intake, 500, K&N 63 Series AirCharger Performance Intake
Chevrolet, Malibu, Air Intake, 400, Injen SP Series Cold Air Intake System
Chevrolet, Suburban, Air Intake, 550, Volant PowerCore Cold Air Intake
Chevrolet, Blazer, Air Intake, 480, AFE Power Magnum Force Cold Air Intake
Chevrolet, Cruze, Air Intake , 350, K&N 69 Series Typhoon Air Intake System
Hyundai, Veloster N, Exhaust, 1100, Borla Cat-Back Exhaust System
Hyundai, Veloster N, Exhaust, 1200, MagnaFlow Competition Series Exhaust
Hyundai, Veloster N, Exhaust, 1300, ARK Performance GRiP Cat-Back Exhaust
Hyundai, Elantra N, Exhaust, 1000, Borla Touring Cat-Back Exhaust
Hyundai, Elantra N, Exhaust, 1100, HKS Hi-Power Exhaust System
Hyundai, Elantra N, Exhaust, 1200, Injen Technology SES Exhaust System
Hyundai, i30 N, Exhaust, 1100, Remus Axle-Back Exhaust
Hyundai, i30 N, Exhaust, 1300, Milltek Sport Cat-Back Exhaust System
Hyundai, Genesis Coupe, Exhaust, 1500, ARK Performance GRiP Cat-Back Exhaust
Hyundai, Genesis Coupe, Exhaust, 1600, MagnaFlow Performance Cat-Back Exhaust
Hyundai, Sonata, Exhaust, 800, Borla Touring Cat-Back Exhaust
Hyundai, Sonata, Exhaust, 850, MagnaFlow Street Series Exhaust
Hyundai, Kona N, Exhaust, 1000, Remus Sport Exhaust System
Hyundai, Kona N, Exhaust, 1100, Borla ATAK Cat-Back Exhaust
Hyundai, Tucson, Exhaust, 900, MagnaFlow Street Series Cat-Back Exhaust
Hyundai, Tucson, Exhaust, 1000, Flowmaster American Thunder Exhaust System
Hyundai, Santa Fe, Exhaust, 1100, Borla S-Type Cat-Back Exhaust
Hyundai, Santa Fe, Exhaust, 1200, MagnaFlow Competition Series Exhaust
Hyundai, Palisade, Exhaust, 1000, Corsa Performance Cat-Back Exhaust
Hyundai, Palisade, Exhaust, 1100, Borla Touring Exhaust System
Hyundai, Veloster N, Suspension, 1800, KW Variant 3 Coilover Kit
Hyundai, Elantra N, Suspension, 1500, Eibach Pro-Street-S Coilover System
Hyundai, i30 N, Suspension, 1600, Bilstein B14 PSS Coilover Kit
Hyundai, Genesis Coupe, Suspension, 2000, BC Racing BR Series Coilovers
Hyundai, Sonata, Suspension, 1000, H&R Sport Lowering Springs
Hyundai, Kona N, Suspension, 1400, Ksport Kontrol Pro Coilover System
Hyundai, Tucson, Suspension, 1200, Eibach Pro-Kit Lowering Springs
Hyundai, Santa Fe, Suspension, 1400, H&R Street Performance Coilovers
Hyundai, Palisade, Suspension, 1500, KW Street Comfort Coilover Kit
Hyundai, Veloster N, Air Intake, 500, Injen Evolution Cold Air Intake System
Hyundai, Elantra N, Air Intake, 450, K&N 69 Series Typhoon Air Intake System
Hyundai, i30 N, Air Intake, 480, AEM Cold Air Intake System
Hyundai, Genesis Coupe, Air Intake, 600,Injen Technology SP Cold Air Intake
Hyundai, Sonata, Air Intake, 400, K&N Performance Cold Air Intake System
Hyundai, Kona N, Air Intake, 500, AFE Power Momentum GT Pro 5R Air Intake
Hyundai, Tucson, Air Intake, 450, AEM Performance Cold Air Intake System
Hyundai, Santa Fe, Air Intake, 500, Injen Evolution Cold Air Intake System
Hyundai, Palisade, Air Intake, 550, AFE Power Magnum Force Cold Air Intake
Kia, Stinger GT, Exhaust, 1400, Borla S-Type Cat-Back Exhaust
Kia, Stinger GT, Exhaust, 1500, ARK Performance GRiP Exhaust
Kia, Stinger GT, Exhaust, 1300, MagnaFlow Competition Series Cat-Back Exhaust
Kia, K5 GT, Exhaust, 1100, Borla Touring Cat-Back Exhaust
Kia, K5 GT, Exhaust, 1200, Injen Technology SES Exhaust System
Kia, Forte GT, Exhaust, 1000, MagnaFlow Street Series Cat-Back Exhaust
Kia, Forte GT, Exhaust, 1100, HKS Hi-Power Exhaust
Kia, Soul, Exhaust, 900, Borla Cat-Back Exhaust System
Kia, Soul, Exhaust, 850, MagnaFlow Street Series Exhaust
Kia, Sorento, Exhaust, 1100, Corsa Performance Cat-Back Exhaust
Kia, Sorento, Exhaust, 1000, Borla Touring Exhaust System
Kia, Sportage, Exhaust, 900, Flowmaster American Thunder Exhaust System
Kia, Sportage, Exhaust, 950, MagnaFlow Performance Cat-Back Exhaust
Kia, Telluride, Exhaust, 1200, Borla ATAK Cat-Back Exhaust
Kia, Telluride, Exhaust, 1100, MagnaFlow Competition Series Exhaust
Kia, Stinger GT, Suspension, 1800, KW Variant 3 Coilover Kit
Kia, K5 GT, Suspension, 1500, Eibach Pro-Street Coilover System
Kia, Forte GT, Suspension, 1200, H&R Street Performance Coilovers
Kia, Soul, Suspension, 900, Ksport Kontrol Pro Coilover Kit
Kia, Sorento, Suspension, 1300, Eibach Pro-Truck Lift System
Kia, Sportage, Suspension, 1000, Bilstein B6 Performance Suspension Kit
Kia, Telluride,Suspension, 1400, ICON Vehicle Dynamics Stage 1 Suspension System
Kia, Stinger GT, Air Intake, 600, Injen SP Cold Air Intake System
Kia, K5 GT, Air Intake, 500, K&N 63 Series AirCharger Performance Intake
Kia, Forte GT, Air Intake, 450, AEM Cold Air Intake System
Kia, Soul, Air Intake, 400, Injen Evolution Cold Air Intake System
Kia, Sorento, Air Intake, 500, K&N High-Flow Performance Air Intake System
Kia, Sportage, Air Intake, 450, AEM DryFlow Cold Air Intake
Kia, Telluride, Air Intake, 550, AFE Power Momentum GT Cold Air Intake System
Lexus, RC F, Exhaust, 2800, Borla ATAK Cat-Back Exhaust System
Lexus, RC F, Exhaust, 2900, Invidia Q300 Cat-Back Exhaust
Lexus, RC F, Exhaust, 3100, Armytrix Valvetronic Exhaust System
Lexus, IS 350, Exhaust, 1600, Borla S-Type Cat-Back Exhaust
Lexus, IS 350, Exhaust, 1500, HKS Hi-Power Spec-L Exhaust System
Lexus, IS 350, Exhaust, 1700, Greddy Supreme SP Exhaust System
Lexus, GS F, Exhaust, 3200, Armytrix Valvetronic Exhaust System
Lexus, GS F, Exhaust, 2900, Invidia Gemini Exhaust
Lexus, GS F, Exhaust, 2700, Borla S-Type Exhaust
Lexus, LC 500, Exhaust, 5500, Armytrix Valvetronic Exhaust System
Lexus, LC 500, Exhaust, 4500, FI Exhaust Valvetronic Cat-Back System
Lexus, LC 500, Exhaust, 5200, HKS Legamax Premium Exhaust
Lexus, IS F, Exhaust, 2400, Borla ATAK Exhaust System
Lexus, IS F, Exhaust, 2600, MagnaFlow Competition Series Exhaust
Lexus, IS F, Exhaust, 2500, Invidia Gemini Exhaust
Lexus, NX 300, Exhaust, 1400, Borla Cat-Back Exhaust System
Lexus, NX 300, Exhaust, 1300, MagnaFlow Street Series Cat-Back Exhaust
Lexus, RX 350, Exhaust, 1200, Borla Touring Cat-Back Exhaust
Lexus, RX 350, Exhaust, 1150, HKS Hi-Power Exhaust
Lexus, RC F, Suspension, 3200, KW Variant 3 Coilover Kit
Lexus, IS 350, Suspension, 1800, Tein Flex Z Coilover Kit
Lexus, GS F, Suspension, 3400, Bilstein B16 PSS10 Coilover System
Lexus, LC 500, Suspension, 6000, KW Variant 4 Coilover Kit
Lexus, IS F, Suspension, 2800, Ohlins Road & Track Coilover Kit
Lexus, NX 300, Suspension, 1500, Eibach Pro-Kit Performance Springs
Lexus, RX 350, Suspension, 1300, H&R Sport Lowering Springs
Lexus, RC F, Air Intake, 600, Injen SP Cold Air Intake System
Lexus, IS 350, Air Intake, 550, K&N 69 Series Typhoon Air Intake System
Lexus, GS F, Air Intake, 650, AFE Power Momentum GT Cold Air Intake
Lexus, LC 500, Air Intake, 800, RR Racing Cold Air Intake System
Lexus, IS F, Air Intake, 600, HPS Performance Shortram Air Intake
Lexus, NX 300, Air Intake, 450, Injen Evolution Cold Air Intake
Lexus, RX 350, Air Intake, 500, K&N Performance Cold Air Intake
Volvo, S60, Exhaust, 2100, Heico Sportiv Stainless Steel Cat-Back Exhaust
Volvo, S60, Exhaust, 1900, IPD Sport Exhaust System
Volvo, V60, Exhaust, 2300, Ferrita Stainless Steel Exhaust System
Volvo, V60, Exhaust, 2400, Heico Sportiv Performance Exhaust
Volvo, XC90, Exhaust, 2500, IPD Turbo-Back Exhaust System
Volvo, XC90, Exhaust, 2700, TME Stainless Steel Performance Exhaust
Volvo, XC60, Exhaust, 2200, Heico Sportiv Quad Exhaust System
Volvo, XC60, Exhaust, 2300, Ferrita Sport Exhaust
Volvo, V90, Exhaust, 2100, Polestar Performance Exhaust System
Volvo, V90, Exhaust, 2500, Heico Sportiv Exhaust System
Volvo, S90, Exhaust, 2600, Polestar Sport Exhaust System
Volvo, S90, Exhaust, 2200, TME Performance Cat-Back Exhaust
Volvo, XC40, Exhaust, 1800, Heico Sportiv Performance Exhaust
Volvo, XC40, Exhaust, 1700, IPD Sport Exhaust System
Volvo, S60, Suspension, 2000, KW Variant 2 Coilover Kit
Volvo, V60, Suspension, 2200, Heico Sportiv Coilover Suspension Kit
Volvo, XC90, Suspension, 3000, Air Suspension Lowering Kit by Heico Sportiv
Volvo, XC60, Suspension, 2400, KW Street Comfort Coilover System
Volvo, V90, Suspension, 2600, H&R Sport Springs with Adjustable Dampers
Volvo, S90, Suspension, 2800, Bilstein B16 PSS10 Coilover Kit
Volvo, XC40, Suspension, 1800, Eibach Pro-Kit Performance Springs
Volvo, S60, Air Intake, 600, IPD High-Flow Cold Air Intake System
Volvo, V60, Air Intake, 650, Heico Sportiv Carbon Fiber Air Intake
Volvo, XC90, Air Intake, 700, K&N Performance Cold Air Intake System
Volvo, XC60, Air Intake, 650, IPD Cold Air Intake System
Volvo, V90, Air Intake, 750, Polestar Performance Air Intake
Volvo, S90, Air Intake, 700, TME High-Flow Air Intake System
Volvo, XC40, Air Intake, 600, Heico Sportiv Performance Air Intake
Jeep, Wrangler, Exhaust, 1500, Borla Cat-Back Exhaust System
Jeep, Wrangler, Exhaust, 1200, MagnaFlow Rock Crawler Series Exhaust
Jeep, Wrangler, Exhaust, 1400, Flowmaster Outlaw Cat-Back Exhaust System
Jeep, Grand Cherokee, Exhaust, 1600, Borla S-Type Cat-Back Exhaust
Jeep, Grand Cherokee, Exhaust, 1700, MagnaFlow Performance Exhaust System
Jeep, Gladiator, Exhaust, 1300, MBRP Cat-Back Dual Exhaust System
Jeep, Gladiator, Exhaust, 1500, Borla ATAK Axle-Back Exhaust
Jeep, Renegade, Exhaust, 1000, MagnaFlow Street Series Cat-Back Exhaust
Jeep, Renegade, Exhaust, 1100, Borla Touring Cat-Back Exhaust System
Jeep, Compass, Exhaust, 900, MagnaFlow Performance Exhaust
Jeep, Compass, Exhaust, 950, Flowmaster Force II Cat-Back Exhaust
Jeep, Wrangler, Suspension, 2500, Fox 2.5 Factory Race Series Coilover Kit
Jeep, Grand Cherokee, Suspension, 2200, Eibach Pro-Truck Lift System
Jeep, Gladiator, Suspension, 2700, Icon Vehicle Dynamics Stage 2 Suspension System
Jeep, Renegade, Suspension, 1500, Rough Country 2.5-Inch Lift Kit
Jeep, Compass, Suspension, 1400, H&R Sport Springs with Adjustable Shocks
Jeep, Wrangler, Air Intake, 450, K&N 63 Series Cold Air Intake System
Jeep, Grand Cherokee, Air Intake, 500, AFE Power Momentum GT Cold Air Intake
Jeep, Gladiator, Air Intake, 550, Rugged Ridge Cold Air Intake System
Jeep, Renegade, Air Intake, 400, AEM Cold Air Intake System
Jeep, Compass, Air Intake, 350, K&N High-Flow Air Intake System
Land Rover, Range Rover, Exhaust, 2200, Quicksilver Sport Exhaust System
Land Rover, Range Rover, Exhaust, 2500, Milltek Sport Cat-Back Exhaust
Land Rover, Range Rover, Exhaust, 2300, Armytrix Valvetronic Cat-Back Exhaust
Land Rover, Range Rover Sport, Exhaust, 2100, Borla ATAK Cat-Back Exhaust
Land Rover, Range Rover Sport, Exhaust, 2400, Quicksilver Titanium Exhaust System
Land Rover, Defender, Exhaust, 2000, MagnaFlow Street Series Cat-Back Exhaust
Land Rover, Defender, Exhaust, 2500, Milltek Sport Stainless Steel Cat-Back
Land Rover, Discovery, Exhaust, 1900, Borla S-Type Cat-Back Exhaust
Land Rover, Discovery, Exhaust, 1800, MagnaFlow Performance Exhaust
Land Rover, Evoque, Exhaust, 1600, Quicksilver Sport Exhaust System
Land Rover, Evoque, Exhaust, 1500, Milltek Sport Cat-Back Exhaust System
Land Rover, Range Rover, Suspension, 3500, KW Variant 3 Coilover Kit
Land Rover, Range Rover Sport, Suspension, 3200, Eibach Pro-Lift-Kit Performance Springs
Land Rover, Defender, Suspension, 2800, Old Man Emu BP-51 Suspension System
Land Rover, Discovery, Suspension, 2700, Terrafirma 2-Inch Lift Suspension Kit
Land Rover, Evoque, Suspension, 2000, H&R Sport Lowering Springs
Land Rover, Range Rover, Air Intake, 700, AFE Power Momentum GT Cold Air Intake System
Land Rover, Range Rover Sport, Air Intake, 650, K&N 77 Series High-Flow Air Intake
Land Rover, Defender, Air Intake, 600, Rugged Ridge Snorkel Kit Cold Air Intake
Land Rover, Discovery, Air Intake, 550, K&N Cold Air Intake System
Land Rover, Evoque, Air Intake, 500, AEM Cold Air Intake System
Jaguar, F-Type, Exhaust, 4200, Quicksilver SuperSport Exhaust
Jaguar, F-Type, Exhaust, 3800, Armytrix Valvetronic Exhaust System
Jaguar, F-Type, Exhaust, 3600, Fabspeed Maxflo Performance Exhaust
Jaguar, XE, Exhaust, 2500, Milltek Sport Cat-Back Exhaust
Jaguar, XE, Exhaust, 2400, Remus Sport Exhaust System
Jaguar, XF, Exhaust, 2600, Quicksilver Sport Exhaust System
Jaguar, XF, Exhaust, 2300, Borla ATAK Cat-Back Exhaust
Jaguar, XJ, Exhaust, 3500, Quicksilver Sport Exhaust System
Jaguar, XJ, Exhaust, 3300, Armytrix Valvetronic Exhaust System
Jaguar, E-Pace, Exhaust, 2200, Milltek Sport Cat-Back Exhaust
Jaguar, E-Pace, Exhaust, 2100, Remus Performance Exhaust
Jaguar, F-Pace, Exhaust, 3000, Armytrix Valvetronic Exhaust System
Jaguar, F-Pace, Exhaust, 2800, Quicksilver SuperSport Exhaust System
Jaguar, F-Type, Suspension, 4000, KW Variant 3 Coilover Kit
Jaguar, XE, Suspension, 2500, Eibach Pro-Street-S Coilover Kit
Jaguar, XF, Suspension, 2700, Bilstein B16 PSS10 Coilover Kit
Jaguar, XJ, Suspension, 3800, H&R Sport Lowering Springs with Adjustable Dampers
Jaguar, E-Pace, Suspension, 2200, KW Street Comfort Coilover Kit
Jaguar, F-Pace, Suspension, 3200, Eibach Pro-Lift-Kit Springs
Jaguar, F-Type, Air Intake, 750, AFE Power Momentum GT Cold Air Intake System
Jaguar, XE, Air Intake, 600, K&N 63 Series Cold Air Intake System
Jaguar, XF, Air Intake, 650, AFE Power Magnum FORCE Stage-2 Pro 5R Intake
Jaguar, XJ, Air Intake, 700, Injen Evolution Cold Air Intake System
Jaguar, E-Pace, Air Intake, 550, K&N Performance Air Intake System
Jaguar, F-Pace, Air Intake, 600, AFE Power Momentum GT Cold Air Intake System
Koenigsegg, Agera RS, Exhaust, 12000, Akrapovic Evolution Titanium Exhaust System
Koenigsegg, Agera RS, Exhaust, 14000, Tubi Style Titanium Exhaust System
Koenigsegg, Regera, Exhaust, 16000, Novitec Sports Exhaust System
Koenigsegg, Regera, Exhaust, 15000, Akrapovic Custom Exhaust System
Koenigsegg, Jesko, Exhaust, 18000, Quicksilver Sports Exhaust System
Koenigsegg, Jesko, Exhaust, 20000, Armytrix Titanium Valvetronic Exhaust System
Koenigsegg, Jesko, Exhaust, 22000, Akrapovic Slip-On Line Exhaust System
Koenigsegg, One:1, Exhaust, 25000, Novitec Performance Exhaust
Koenigsegg, One:1, Exhaust, 23000, Larini Sports Exhaust System
Koenigsegg, Gemera, Exhaust, 17000, Capristo High-Performance Exhaust
Koenigsegg, Gemera, Exhaust, 18000, Fabspeed Maxflo Exhaust System
Koenigsegg, Agera RS, Suspension, 35000, Ohlins TTX Racing Coilover System
Koenigsegg, Regera, Suspension, 40000, KW Variant 4 Coilover Kit
Koenigsegg, Jesko, Suspension, 45000, Koenigsegg Adaptive Hydraulic Suspension
Koenigsegg, One:1, Suspension, 50000, Ohlins Advanced Racing Suspension System
Koenigsegg, Gemera, Suspension, 38000, Koenigsegg Active Air Suspension
Koenigsegg, Agera RS, Air Intake, 12000, Novitec High-Flow Carbon Air Intake System
Koenigsegg, Regera, Air Intake, 15000, Koenigsegg Custom Carbon Fiber Air Intake
Koenigsegg, Jesko, Air Intake, 16000, Akrapovic Carbon Fiber Air Intake System
Koenigsegg, One:1, Air Intake, 17000, Novitec Carbon Fiber Performance Air Intake
Koenigsegg, Gemera, Air Intake, 18000, Koenigsegg Active Performance Air Intake
Maserati, Ghibli, Exhaust, 4500, Tubi Style Cat-Back Exhaust System
Maserati, Ghibli, Exhaust, 3800, Capristo Valved Exhaust System
Maserati, Ghibli, Exhaust, 3600, Fabspeed Maxflo Performance Exhaust
Maserati, Quattroporte, Exhaust, 4900, Quicksilver SuperSport Exhaust
Maserati, Quattroporte, Exhaust, 4100, Armytrix Valvetronic Exhaust System
Maserati, Quattroporte, Exhaust, 3700, Novitec Sport Exhaust System
Maserati, Levante, Exhaust, 4500, Tubi Style Cat-Back Exhaust
Maserati, Levante, Exhaust, 4000, Capristo Sports Exhaust System
Maserati, GranTurismo, Exhaust, 5500, Larini Sports Exhaust System
Maserati, GranTurismo, Exhaust, 4800, Capristo Valved Exhaust System
Maserati, GranTurismo, Exhaust, 4600, Tubi Style Sport Exhaust
Maserati, GranCabrio, Exhaust, 5500, Quicksilver SuperSport Exhaust
Maserati, GranCabrio, Exhaust, 5000, Armytrix Valvetronic Exhaust System
Maserati, GranCabrio, Exhaust, 4700, Fabspeed Maxflo Performance Exhaust
Maserati, Ghibli, Suspension, 3000, KW Variant 3 Coilover Kit
Maserati, Quattroporte, Suspension, 3200, Bilstein B16 PSS10 Coilover System
Maserati, Levante, Suspension, 3500, Eibach Pro-Lift-Kit Springs
Maserati, GranTurismo, Suspension, 4000, KW Variant 3 Coilover System
Maserati, GranCabrio, Suspension, 4200, H&R Sport Lowering Springs
Maserati, Ghibli, Air Intake, 1200, Novitec High-Performance Air Intake System
Maserati, Quattroporte, Air Intake, 1300, BMC High-Flow Carbon Fiber Air Intake
Maserati, Levante, Air Intake, 1250, Capristo Carbon Fiber Air Intake System
Maserati, GranTurismo, Air Intake, 1400, Novitec Carbon Fiber Performance Intake
Maserati, GranCabrio, Air Intake, 1350, AFE Power Momentum GT Cold Air Intake
Bugatti, Chiron, Exhaust, 25000, Novitec Titanium Exhaust System
Bugatti, Chiron, Exhaust, 28000, Akrapovic Slip-On Titanium Exhaust
Bugatti, Veyron, Exhaust, 22000, Mansory Stainless Steel Exhaust System
Bugatti, Veyron, Exhaust, 25000, Capristo Sports Exhaust System
Bugatti, Divo, Exhaust, 30000, Armytrix Titanium Valvetronic Exhaust System
Bugatti, Divo, Exhaust, 35000, Quicksilver High-Performance Exhaust
Bugatti, Centodieci, Exhaust, 40000, Capristo Custom Titanium Exhaust
Bugatti, Centodieci, Exhaust, 38000, Larini Systems Race Exhaust
Bugatti, Bolide, Exhaust, 50000, Akrapovic Titanium High-Performance Exhaust
Bugatti, Bolide, Exhaust, 52000, Quicksilver Ultra Lightweight Exhaust System
Bugatti, Chiron, Suspension, 75000, Ohlins TTX Advanced Racing Coilover System
Bugatti, Veyron, Suspension, 72000, KW Variant 4 Racing Coilover Kit
Bugatti, Divo, Suspension, 80000, Koenigsegg Active Suspension System
Bugatti, Centodieci, Suspension, 85000, Novitec Active Performance Suspension
Bugatti, Bolide, Suspension, 90000, Ohlins Advanced Lightweight Suspension System
Bugatti, Chiron, Air Intake, 15000, Novitec Carbon Fiber Air Intake System
Bugatti, Veyron, Air Intake, 16000, Capristo Carbon Fiber Performance Air Intake
Bugatti, Divo, Air Intake, 17000, Armytrix High-Flow Carbon Air Intake
Bugatti, Centodieci, Air Intake, 18000, Novitec High-Performance Carbon Fiber Air Intake
Bugatti, Bolide, Air Intake, 20000, Akrapovic Carbon Fiber Air Intake System
McLaren, 720S, Exhaust, 12000, Novitec Race Exhaust System
McLaren, 720S, Exhaust, 14000, Akrapovic Titanium Slip-On Exhaust
McLaren, 600LT, Exhaust,10000, Capristo High-Performance Exhaust
McLaren, 600LT, Exhaust, 11000, Fabspeed Supersport X-Pipe Exhaust
McLaren, 570S, Exhaust, 9000, Armytrix Valvetronic Exhaust System
McLaren, 570S, Exhaust, 9500, Quicksilver SuperSport Exhaust
McLaren, 650S, Exhaust, 10000, Akrapovic Evolution Titanium Exhaust System
McLaren, 650S, Exhaust, 10500, Capristo Valved Exhaust System
McLaren, P1, Exhaust, 25000, Inconel Titanium Hybrid Exhaust System
McLaren, P1, Exhaust, 27000, Quicksilver Titanium Exhaust System
McLaren, Senna, Exhaust, 30000, Akrapovic Titanium Slip-On Exhaust
McLaren, Senna, Exhaust, 32000, Armytrix Titanium Exhaust System
McLaren, 765LT, Exhaust, 16000, Novitec Inconel Race Exhaust
McLaren, 765LT, Exhaust, 17000, Fabspeed Supersport Titanium Exhaust
McLaren, GT, Exhaust, 9000, Quicksilver Sport Exhaust System
McLaren, GT, Exhaust, 9500, Akrapovic Slip-On Line Titanium Exhaust
McLaren, 720S, Suspension, 15000, Novitec Sport Suspension Kit
McLaren, 600LT, Suspension, 14000, KW Variant 3 Coilover Kit
McLaren, 570S, Suspension, 12000, H&R Sport Lowering Springs
McLaren, 650S, Suspension, 13000, Bilstein B16 PSS10 Coilover Kit
McLaren, P1, Suspension, 50000, Ohlins TTX Racing Suspension System
McLaren, Senna, Suspension, 55000, Koenigsegg Advanced Active Suspension
McLaren, 765LT, Suspension, 16000, Novitec High-Performance Suspension
McLaren, GT, Suspension, 14000, Eibach Pro-Kit Performance Springs
McLaren, 720S, Air Intake, 7000, Novitec High-Flow Carbon Fiber Air Intake System
McLaren, 600LT, Air Intake, 6500, Capristo Carbon Fiber Air Intake
McLaren, 570S, Air Intake, 6000, Armytrix Carbon Performance Air Intake
McLaren, 650S, Air Intake, 6800, Akrapovic Carbon Fiber Air Intake System
McLaren, P1, Air Intake, 15000, Inconel Titanium Air Intake System
McLaren, Senna, Air Intake, 14000, Novitec High-Performance Carbon Air Intake
McLaren, 765LT, Air Intake, 8000, Novitec Carbon Fiber Air Intake System
McLaren, GT, Air Intake, 6000, AFE Power Cold Air Intake System


























